case,variant,phase,host_ms_per_step,timeline_ms_per_step,fraction_instrumented_wall,calls_per_step
college_b200_s20,keeper,batch_and_zero_grad,0.13925675,0.12078800145536661,0.004802660749703179,1.0
college_b200_s20,keeper,negative_and_neighbor_sampling,1.30565975,1.2929800152778625,0.051410274983481885,1.0
college_b200_s20,keeper,memory_read,2.736886,2.722703993320465,0.10825763688632774,1.0
college_b200_s20,keeper,gnn_embedding,1.7165335000000002,1.7009320110082626,0.06763088476301742,1.0
college_b200_s20,keeper,query_mapping,0.154229125,0.1389239989221096,0.0055237674998833974,1.0
college_b200_s20,keeper,graph_build,0.13303949999999998,0.12166799884289503,0.004837650391571587,1.0
college_b200_s20,keeper,relation_Q_S_coefficients,0.842756,0.8317719921469688,0.03307214831982124,1.0
college_b200_s20,keeper,seven_channel_aggregation,0.602500625,0.5914679989218712,0.023517403292554803,1.0
college_b200_s20,keeper,decoder_mlp,0.668857875,0.656640000641346,0.026108712121796163,1.0
college_b200_s20,keeper,loss,0.185646,0.17413599975407124,0.006923834495583028,1.0
college_b200_s20,keeper,memory_update,6.3495022500000005,6.337400019168854,0.2519818356169858,1.0
college_b200_s20,keeper,neighbor_insert,0.918544,0.9025560095906258,0.035886596925534565,1.0
college_b200_s20,keeper,backward,8.406964875,8.393495976924896,0.33373442060024844,1.0
college_b200_s20,keeper,optimizer,0.510336625,0.49488000199198723,0.019676960730724547,1.0
college_b200_s20,keeper,detach_and_loss_read,0.113106,0.10051999986171722,0.00399678322415516,1.0
college_b200_s20,source,batch_and_zero_grad,0.134224,0.11662399861961603,0.001855221935647152,1.0
college_b200_s20,source,negative_and_neighbor_sampling,1.2307121250000002,1.2183959931135178,0.01938190251992096,1.0
college_b200_s20,source,memory_read,2.6093919999999997,2.6001639664173126,0.04136268078502782,1.0
college_b200_s20,source,gnn_embedding,1.748164,1.7302960306406021,0.02752506507410825,1.0
college_b200_s20,source,query_mapping,0.149579125,0.13522399961948395,0.002151105546794488,1.0
college_b200_s20,source,source_graph,1.5628906249999999,1.5053959991782904,0.023947418306417705,4.0
college_b200_s20,source,source_Q_A_squared,1.578981625,1.5533119961619377,0.024709652578305492,2.0
college_b200_s20,source,source_A_cubed,1.5353421249999997,1.5098719894886017,0.024018621107776954,2.0
college_b200_s20,source,source_coefficients_masks,32.230656125000024,31.669288015924394,0.5037861718761898,48.0
college_b200_s20,source,source_weighted_S,1.542000875,1.5120320171117783,0.024052982222775174,2.0
college_b200_s20,source,source_seven_aggregation,1.6992454999999997,1.6538000088185072,0.026308187764516298,4.0
college_b200_s20,source,source_decoder,41.636709125,41.62438344955444,0.6621490443426876,1.0
college_b200_s20,source,loss,0.18684974999999998,0.17506799660623074,0.002784932701484745,1.0
college_b200_s20,source,memory_update,6.349058625,6.336719989776611,0.10080276842016987,1.0
college_b200_s20,source,neighbor_insert,0.9164036249999999,0.9018479883670807,0.014346345438686127,1.0
college_b200_s20,source,backward,6.991582625,6.978643894195557,0.11101431426485148,1.0
college_b200_s20,source,optimizer,0.489633875,0.47412800043821335,0.007542295557764781,1.0
college_b200_s20,source,detach_and_loss_read,0.11354412500000002,0.10138000082224607,0.0016127246843491607,1.0
college_b200_s40,keeper,batch_and_zero_grad,0.13339737499999998,0.11662400048226118,0.004450785293451278,1.0
college_b200_s40,keeper,negative_and_neighbor_sampling,1.31556775,1.3028240203857422,0.049720383162211196,1.0
college_b200_s40,keeper,memory_read,2.87905675,2.8649279475212097,0.10933580671985646,1.0
college_b200_s40,keeper,gnn_embedding,1.7748659999999998,1.7598320096731186,0.0671614281383641,1.0
college_b200_s40,keeper,query_mapping,0.150215875,0.13666400127112865,0.005215582765867001,1.0
college_b200_s40,keeper,graph_build,0.13472625,0.12316800095140934,0.00470052755000209,1.0
college_b200_s40,keeper,relation_Q_S_coefficients,0.8358993749999999,0.8251040056347847,0.031488893869710946,1.0
college_b200_s40,keeper,seven_channel_aggregation,0.60630225,0.5953000038862228,0.02271875850195426,1.0
college_b200_s40,keeper,decoder_mlp,0.6665528749999999,0.6548039987683296,0.024989641889830876,1.0
college_b200_s40,keeper,loss,0.18944325,0.17758399806916714,0.006777234906109651,1.0
college_b200_s40,keeper,memory_update,7.576911875,7.563687980175018,0.28865714678976057,1.0
college_b200_s40,keeper,neighbor_insert,0.9243055,0.9087480008602142,0.034681045247604,1.0
college_b200_s40,keeper,backward,8.039608000000001,8.025899946689606,0.3062967939851355,1.0
college_b200_s40,keeper,optimizer,0.50171075,0.48633600026369095,0.018560305843553965,1.0
college_b200_s40,keeper,detach_and_loss_read,0.114559125,0.10210399981588125,0.0038966505942505227,1.0
college_b200_s40,source,batch_and_zero_grad,0.13445175,0.11590400245040655,0.0017778607077503672,1.0
college_b200_s40,source,negative_and_neighbor_sampling,1.306350625,1.2944280207157135,0.01985533431450083,1.0
college_b200_s40,source,memory_read,2.8543835,2.839651972055435,0.04355764734667705,1.0
college_b200_s40,source,gnn_embedding,1.7770858749999998,1.7616479992866516,0.027022058708963927,1.0
college_b200_s40,source,query_mapping,0.15118025000000002,0.13687199912965298,0.002099490475732048,1.0
college_b200_s40,source,source_graph,1.7218413750000006,1.664523989893496,0.025532265807695027,4.0
college_b200_s40,source,source_Q_A_squared,1.6390343750000003,1.6121759936213493,0.02472929573130328,2.0
college_b200_s40,source,source_A_cubed,1.5744559999999999,1.5479480028152466,0.023744097474316585,2.0
college_b200_s40,source,source_coefficients_masks,32.372443000000004,31.800324014155194,0.48778769812274625,48.0
college_b200_s40,source,source_weighted_S,1.5625547499999999,1.5317200124263763,0.023495175039645117,2.0
college_b200_s40,source,source_seven_aggregation,1.70540975,1.6599080245941877,0.025461461149007845,4.0
college_b200_s40,source,source_decoder,42.07534725,42.06386852264404,0.6452210232721262,1.0
college_b200_s40,source,loss,0.185274,0.17418799921870232,0.002671883567654106,1.0
college_b200_s40,source,memory_update,7.5603489999999995,7.548536002635956,0.11578759383971916,1.0
college_b200_s40,source,neighbor_insert,0.92363275,0.9082879945635796,0.013932301755902848,1.0
college_b200_s40,source,backward,7.3002405,7.28681606054306,0.11177305084168287,1.0
college_b200_s40,source,optimizer,0.501133625,0.48509999737143517,0.007440987424273853,1.0
college_b200_s40,source,detach_and_loss_read,0.11475625,0.1020320001989603,0.0015650769624157436,1.0
college_b200_s80,keeper,batch_and_zero_grad,0.142125,0.12398799881339073,0.004515358167235037,1.0
college_b200_s80,keeper,negative_and_neighbor_sampling,1.36043525,1.347903996706009,0.04908756797773162,1.0
college_b200_s80,keeper,memory_read,3.3292596249999997,3.3142959773540497,0.12069904791756014,1.0
college_b200_s80,keeper,gnn_embedding,1.77862775,1.7630639970302582,0.06420674173740153,1.0
college_b200_s80,keeper,query_mapping,0.153309625,0.13950800150632858,0.0050805610222350505,1.0
college_b200_s80,keeper,graph_build,0.13482575000000002,0.12337999790906906,0.004493216170628196,1.0
college_b200_s80,keeper,relation_Q_S_coefficients,0.83160875,0.8201359957456589,0.029867469449258124,1.0
college_b200_s80,keeper,seven_channel_aggregation,0.6040321249999999,0.5932320058345795,0.02160414724204014,1.0
college_b200_s80,keeper,decoder_mlp,0.668869875,0.6567640081048012,0.023917836857785906,1.0
college_b200_s80,keeper,loss,0.18854449999999998,0.17682799883186817,0.006439669616113456,1.0
college_b200_s80,keeper,memory_update,7.88243975,7.869996130466461,0.28660718492031984,1.0
college_b200_s80,keeper,neighbor_insert,0.92946925,0.913955993950367,0.033284178317841404,1.0
college_b200_s80,keeper,backward,8.452355125,8.438492000102997,0.3073104988907804,1.0
college_b200_s80,keeper,optimizer,0.51397975,0.5009400025010109,0.01824308443748663,1.0
college_b200_s80,keeper,detach_and_loss_read,0.117605125,0.10436799935996532,0.0038008428462279887,1.0
college_b200_s80,source,batch_and_zero_grad,0.138682125,0.12042799964547157,0.001806025627539746,1.0
college_b200_s80,source,negative_and_neighbor_sampling,1.38656475,1.3736120015382767,0.020599681837923618,1.0
college_b200_s80,source,memory_read,3.2944938749999992,3.2798359990119934,0.049186799463423816,1.0
college_b200_s80,source,gnn_embedding,1.77943475,1.763731986284256,0.026450204078107213,1.0
college_b200_s80,source,query_mapping,0.151614875,0.13772400096058846,0.0020654090078252364,1.0
college_b200_s80,source,source_graph,1.6958529999999998,1.639711999334395,0.024590310403729335,4.0
college_b200_s80,source,source_Q_A_squared,1.667183125,1.641268014907837,0.024613645541826455,2.0
college_b200_s80,source,source_A_cubed,1.6974114999999999,1.6700080037117004,0.025044651258667942,2.0
college_b200_s80,source,source_coefficients_masks,32.902497875,32.336872132495046,0.4849471880101758,48.0
college_b200_s80,source,source_weighted_S,1.565613875,1.5354840084910393,0.02302723185784105,2.0
college_b200_s80,source,source_seven_aggregation,1.7220820000000001,1.6758000049740076,0.025131512310460416,4.0
college_b200_s80,source,source_decoder,42.760743625,42.748403549194336,0.6410860644828382,1.0
college_b200_s80,source,loss,0.18682125,0.17508000135421753,0.0026256266835475934,1.0
college_b200_s80,source,memory_update,7.861167375,7.848784029483795,0.11770605792674918,1.0
college_b200_s80,source,neighbor_insert,0.9253251250000001,0.9097440019249916,0.013643180878317321,1.0
college_b200_s80,source,backward,7.2162837500000006,7.202928006649017,0.10802033257737555,1.0
college_b200_s80,source,optimizer,0.5309358750000001,0.5059559978544712,0.007587683107106894,1.0
college_b200_s80,source,detach_and_loss_read,0.12389324999999998,0.11006000079214573,0.0016505395969610317,1.0
college_b32_s128,keeper,batch_and_zero_grad,0.128951625,0.11316800117492676,0.006358430333598564,1.0
college_b32_s128,keeper,negative_and_neighbor_sampling,1.1762868749999997,1.1644439995288849,0.06542517294209942,1.0
college_b32_s128,keeper,memory_read,2.089863375,2.075579985976219,0.11661804225243545,1.0
college_b32_s128,keeper,gnn_embedding,1.709299125,1.6939120143651962,0.09517373659306995,1.0
college_b32_s128,keeper,query_mapping,0.149602375,0.13558400236070156,0.007617890432017185,1.0
college_b32_s128,keeper,graph_build,0.13168675,0.12021199986338615,0.00675420276454658,1.0
college_b32_s128,keeper,relation_Q_S_coefficients,0.1876625,0.17703199945390224,0.00994667771506679,1.0
college_b32_s128,keeper,seven_channel_aggregation,0.2010555,0.19051200151443481,0.010704061897068686,1.0
college_b32_s128,keeper,decoder_mlp,0.6583035,0.6473440006375313,0.036371515686350026,1.0
college_b32_s128,keeper,loss,0.18202949999999996,0.17057200148701668,0.00958371780942934,1.0
college_b32_s128,keeper,memory_update,3.1390037499999996,3.1265079975128174,0.17566523295657976,1.0
college_b32_s128,keeper,neighbor_insert,0.89073125,0.8757720068097115,0.04920591718155316,1.0
college_b32_s128,keeper,backward,6.2631798750000005,6.249691963195801,0.35114370265325184,1.0
college_b32_s128,keeper,optimizer,0.482870625,0.47090399637818336,0.02645809967214672,1.0
college_b32_s128,keeper,detach_and_loss_read,0.107493125,0.09556800127029419,0.005369560934977942,1.0
college_b32_s128,source,batch_and_zero_grad,0.137121625,0.11993999872356653,0.002102206174807275,1.0
college_b32_s128,source,negative_and_neighbor_sampling,1.206084875,1.1939800083637238,0.02092706497324219,1.0
college_b32_s128,source,memory_read,2.067802625,2.053443983197212,0.035991017734185136,1.0
college_b32_s128,source,gnn_embedding,1.7420273750000002,1.7267120033502579,0.030264337787119944,1.0
college_b32_s128,source,query_mapping,0.14965499999999998,0.13592800125479698,0.0023824302702022595,1.0
college_b32_s128,source,source_graph,1.5265324999999998,1.4704200057312846,0.025772269872478264,4.0
college_b32_s128,source,source_Q_A_squared,1.5483258750000004,1.5220480039715767,0.026677161467014824,2.0
college_b32_s128,source,source_A_cubed,1.4556901249999998,1.4304720014333725,0.02507209526684191,2.0
college_b32_s128,source,source_coefficients_masks,30.23258925,29.679823972983286,0.5202026837352224,48.0
college_b32_s128,source,source_weighted_S,1.4194206250000003,1.3895519971847534,0.024354884273678167,2.0
college_b32_s128,source,source_seven_aggregation,1.7723555000000002,1.5946360044181347,0.027949422133845103,4.0
college_b32_s128,source,source_decoder,39.42329325,39.41233587265015,0.6907858655728332,1.0
college_b32_s128,source,loss,0.183648,0.1723400019109249,0.003020628814732997,1.0
college_b32_s128,source,memory_update,3.131456875,3.1194480061531067,0.05467502860025296,1.0
college_b32_s128,source,neighbor_insert,0.8873106249999999,0.8729479983448982,0.015300289244089521,1.0
college_b32_s128,source,backward,7.175865749999999,7.162184059619904,0.12553266396092455,1.0
college_b32_s128,source,optimizer,0.5191893750000001,0.49207599461078644,0.00862468905581181,1.0
college_b32_s128,source,detach_and_loss_read,0.11628500000000001,0.10383199993520975,0.001819878887188101,1.0
college_b32_s256,keeper,batch_and_zero_grad,0.12779200000000002,0.11137199960649014,0.006131376074152927,1.0
college_b32_s256,keeper,negative_and_neighbor_sampling,1.157014875,1.1451520025730133,0.06304419077194444,1.0
college_b32_s256,keeper,memory_read,2.2503095,2.2365520298480988,0.12312916759025012,1.0
college_b32_s256,keeper,gnn_embedding,1.6844231250000001,1.6691479980945587,0.09189180526431746,1.0
college_b32_s256,keeper,query_mapping,0.14852825000000003,0.13436400145292282,0.00739715751397797,1.0
college_b32_s256,keeper,graph_build,0.131364375,0.11988000012934208,0.006599768049056959,1.0
college_b32_s256,keeper,relation_Q_S_coefficients,0.18659025,0.17614400014281273,0.009697276801145762,1.0
college_b32_s256,keeper,seven_channel_aggregation,0.19812812500000002,0.18757600151002407,0.010326644145812872,1.0
college_b32_s256,keeper,decoder_mlp,0.661286625,0.6483319997787476,0.03569269947200879,1.0
college_b32_s256,keeper,loss,0.18017437500000003,0.16851199977099895,0.009277111367796225,1.0
college_b32_s256,keeper,memory_update,3.526387375,3.5141080021858215,0.1934626100161704,1.0
college_b32_s256,keeper,neighbor_insert,0.8877153750000001,0.8733440116047859,0.048080312791171906,1.0
college_b32_s256,keeper,backward,6.148333875,6.1344799399375916,0.33772226110693415,1.0
college_b32_s256,keeper,optimizer,0.4732765,0.4614359997212887,0.025403491527856824,1.0
college_b32_s256,keeper,detach_and_loss_read,0.10555637500000001,0.0937999989837408,0.005163982612834063,1.0
college_b32_s256,source,batch_and_zero_grad,0.13049025,0.11303200013935566,0.001970565121801179,1.0
college_b32_s256,source,negative_and_neighbor_sampling,1.176998625,1.1649519950151443,0.02030941474201388,1.0
college_b32_s256,source,memory_read,2.1749791249999997,2.1608079969882965,0.03767086195523884,1.0
college_b32_s256,source,gnn_embedding,1.69363275,1.6787039935588837,0.02926600905457838,1.0
college_b32_s256,source,query_mapping,0.14796725000000002,0.13406000100076199,0.002337160820608643,1.0
college_b32_s256,source,source_graph,1.533837875,1.4768039984628558,0.025746146644486115,4.0
college_b32_s256,source,source_Q_A_squared,1.5476082500000001,1.5220639929175377,0.02653519546584071,2.0
college_b32_s256,source,source_A_cubed,1.480218625,1.454204000532627,0.025352145232326893,2.0
college_b32_s256,source,source_coefficients_masks,30.394353874999993,29.83781998883933,0.5201833755759283,48.0
college_b32_s256,source,source_weighted_S,1.4836745,1.4543280079960823,0.02535430714030009,2.0
college_b32_s256,source,source_seven_aggregation,1.6684534999999998,1.621820004656911,0.028274311089568877,4.0
college_b32_s256,source,source_decoder,39.567802375,39.55630016326904,0.6896123695337151,1.0
college_b32_s256,source,loss,0.18407337499999998,0.17290799878537655,0.003014424864346614,1.0
college_b32_s256,source,memory_update,3.529127125,3.5170960128307343,0.061315970029420956,1.0
college_b32_s256,source,neighbor_insert,0.8859605,0.8714280053973198,0.01519220779495725,1.0
college_b32_s256,source,backward,6.934193124999999,6.920895993709564,0.12065677188763692,1.0
college_b32_s256,source,optimizer,0.511298,0.4794999994337559,0.008359455495991463,1.0
college_b32_s256,source,detach_and_loss_read,0.11036275000000002,0.09851199854165316,0.0017174278802974117,1.0
college_b32_s512,keeper,batch_and_zero_grad,0.125719375,0.10960400011390448,0.0059501064656366535,1.0
college_b32_s512,keeper,negative_and_neighbor_sampling,1.17251,1.1610639989376068,0.06303104266192006,1.0
college_b32_s512,keeper,memory_read,2.5178593749999996,2.503387987613678,0.13590220279932674,1.0
college_b32_s512,keeper,gnn_embedding,1.694946375,1.6797160059213638,0.09118726558227296,1.0
college_b32_s512,keeper,query_mapping,0.149403375,0.1353319976478815,0.007346810274947535,1.0
college_b32_s512,keeper,graph_build,0.133467125,0.12185600027441978,0.006615234611473507,1.0
college_b32_s512,keeper,relation_Q_S_coefficients,0.187977,0.17753599770367146,0.00963795196089617,1.0
college_b32_s512,keeper,seven_channel_aggregation,0.199988875,0.18970399722456932,0.01029851993786705,1.0
college_b32_s512,keeper,decoder_mlp,0.657757375,0.6469200029969215,0.035119547540065986,1.0
college_b32_s512,keeper,loss,0.183875875,0.17215999774634838,0.009346103378069926,1.0
college_b32_s512,keeper,memory_update,3.301423625,3.2892040014266968,0.1785620413064115,1.0
college_b32_s512,keeper,neighbor_insert,0.894182875,0.879903994500637,0.04776762199716081,1.0
college_b32_s512,keeper,backward,6.309648125,6.2965399622917175,0.3418222245706036,1.0
college_b32_s512,keeper,optimizer,0.4820465,0.46865199878811836,0.025441856914207354,1.0
college_b32_s512,keeper,detach_and_loss_read,0.108756125,0.09667200036346912,0.005248062970429261,1.0
college_b32_s512,source,batch_and_zero_grad,0.134800625,0.11772799957543612,0.0020317897937594527,1.0
college_b32_s512,source,negative_and_neighbor_sampling,1.21788925,1.2050960063934326,0.02079795609473119,1.0
college_b32_s512,source,memory_read,2.539089125,2.524311989545822,0.043565433500272914,1.0
college_b32_s512,source,gnn_embedding,1.7153251250000001,1.7001599818468094,0.029341938292777685,1.0
college_b32_s512,source,query_mapping,0.14784212500000002,0.13449599966406822,0.0023211776332258834,1.0
college_b32_s512,source,source_graph,1.54445575,1.4864200102165341,0.02565314128235571,4.0
college_b32_s512,source,source_Q_A_squared,1.5826863749999998,1.5563879907131195,0.026860672448905696,2.0
college_b32_s512,source,source_A_cubed,1.5276455,1.5017080008983612,0.025916986616910317,2.0
college_b32_s512,source,source_coefficients_masks,30.498671749999993,29.938179922522977,0.5166832752589139,48.0
college_b32_s512,source,source_weighted_S,1.4599588749999999,1.430332001298666,0.02468515537855555,2.0
college_b32_s512,source,source_seven_aggregation,1.6524279999999998,1.606488007120788,0.027725315544612564,4.0
college_b32_s512,source,source_decoder,39.7360525,39.72504425048828,0.685588303172234,1.0
college_b32_s512,source,loss,0.18731525000000002,0.17600399814546108,0.0030375367659557107,1.0
college_b32_s512,source,memory_update,3.29083525,3.278740018606186,0.05658560860813853,1.0
college_b32_s512,source,neighbor_insert,0.89134725,0.8768879994750023,0.015133630861210988,1.0
college_b32_s512,source,backward,7.13610525,7.122816026210785,0.1229279776864647,1.0
college_b32_s512,source,optimizer,0.5241804999999999,0.5042959935963154,0.008703311502088609,1.0
college_b32_s512,source,detach_and_loss_read,0.11459287500000001,0.10116000100970268,0.0017458536484900472,1.0
wikipedia_b200_s20,keeper,batch_and_zero_grad,0.14189612499999998,0.1220919992774725,0.004608127777432413,1.0
wikipedia_b200_s20,keeper,negative_and_neighbor_sampling,1.351139,1.3380679935216904,0.05050280383260345,1.0
wikipedia_b200_s20,keeper,memory_read,3.6134926249999997,3.600224018096924,0.13588353373645579,1.0
wikipedia_b200_s20,keeper,gnn_embedding,1.7614409999999998,1.7458720207214355,0.06589458279116693,1.0
wikipedia_b200_s20,keeper,query_mapping,0.15059050000000002,0.13662800006568432,0.0051567611801233435,1.0
wikipedia_b200_s20,keeper,graph_build,0.135170125,0.12354799918830395,0.0046630816947467926,1.0
wikipedia_b200_s20,keeper,relation_Q_S_coefficients,0.83362525,0.8228240013122559,0.03105590995989778,1.0
wikipedia_b200_s20,keeper,seven_channel_aggregation,0.5635715000000001,0.5526879951357841,0.020860145772947175,1.0
wikipedia_b200_s20,keeper,decoder_mlp,0.6665872500000001,0.6544600054621696,0.024701334634834274,1.0
wikipedia_b200_s20,keeper,loss,0.188478125,0.176895996555686,0.006676599287986696,1.0
wikipedia_b200_s20,keeper,memory_update,7.153849374999999,7.141332030296326,0.2695358474873323,1.0
wikipedia_b200_s20,keeper,neighbor_insert,0.9276206249999999,0.9123120084404945,0.03443346273841792,1.0
wikipedia_b200_s20,keeper,backward,8.019320124999998,8.004860043525696,0.30212805211910215,1.0
wikipedia_b200_s20,keeper,optimizer,0.50713325,0.49487999081611633,0.018678293792147103,1.0
wikipedia_b200_s20,keeper,detach_and_loss_read,0.11664324999999998,0.10321599990129471,0.0038956894721632876,1.0
wikipedia_b200_s20,source,batch_and_zero_grad,0.13544825000000002,0.1179839987307787,0.0020320520892607996,1.0
wikipedia_b200_s20,source,negative_and_neighbor_sampling,1.314975875,1.3026560097932816,0.022435795487223385,1.0
wikipedia_b200_s20,source,memory_read,3.365847,3.354171931743622,0.057769292064700085,1.0
wikipedia_b200_s20,source,gnn_embedding,1.756253875,1.740984007716179,0.029985169415404776,1.0
wikipedia_b200_s20,source,query_mapping,0.150678625,0.13659599982202053,0.0023526087419394642,1.0
wikipedia_b200_s20,source,source_graph,1.6492777499999998,1.5938999932259321,0.027451924380849074,4.0
wikipedia_b200_s20,source,source_Q_A_squared,1.57709525,1.5508359968662262,0.026710228178685756,2.0
wikipedia_b200_s20,source,source_A_cubed,1.4346653749999998,1.4096840023994446,0.0242791510127554,2.0
wikipedia_b200_s20,source,source_coefficients_masks,26.571649125000025,26.022916031070054,0.44819569991230834,48.0
wikipedia_b200_s20,source,source_weighted_S,0.881995375,0.8535399958491325,0.0147006183083403,2.0
wikipedia_b200_s20,source,source_seven_aggregation,1.3674621249999996,1.3214039914309978,0.02275869414861963,4.0
wikipedia_b200_s20,source,source_decoder,34.954513625000004,34.94315958023071,0.6018300887767571,1.0
wikipedia_b200_s20,source,loss,0.18646562500000002,0.17483599856495857,0.003011220673852621,1.0
wikipedia_b200_s20,source,memory_update,7.137833125,7.125771999359131,0.12272799731033712,1.0
wikipedia_b200_s20,source,neighbor_insert,0.925706,0.9096400067210197,0.015666835299848598,1.0
wikipedia_b200_s20,source,backward,7.194729250000001,7.181432008743286,0.12368663610520823,1.0
wikipedia_b200_s20,source,optimizer,0.501889625,0.48529599606990814,0.00835830920575927,1.0
wikipedia_b200_s20,source,detach_and_loss_read,0.115581125,0.10305999964475632,0.0017750143227067258,1.0
wikipedia_b200_s40,keeper,batch_and_zero_grad,0.1400325,0.11962799914181232,0.004440591006290038,1.0
wikipedia_b200_s40,keeper,negative_and_neighbor_sampling,1.36195425,1.3494600057601929,0.0500919517831537,1.0
wikipedia_b200_s40,keeper,memory_read,4.010892,4.003899961709976,0.148624755806352,1.0
wikipedia_b200_s40,keeper,gnn_embedding,1.78277975,1.7654840052127838,0.06553476152353901,1.0
wikipedia_b200_s40,keeper,query_mapping,0.1523,0.1383640021085739,0.00513607138600781,1.0
wikipedia_b200_s40,keeper,graph_build,0.132438375,0.1209680000320077,0.004490331835728874,1.0
wikipedia_b200_s40,keeper,relation_Q_S_coefficients,0.827666625,0.8169319927692413,0.03032451337367351,1.0
wikipedia_b200_s40,keeper,seven_channel_aggregation,0.5728795,0.5619239956140518,0.02085861720536103,1.0
wikipedia_b200_s40,keeper,decoder_mlp,0.669152625,0.6569999903440475,0.024387837873940554,1.0
wikipedia_b200_s40,keeper,loss,0.18727325,0.1754320003092289,0.0065120353794862525,1.0
wikipedia_b200_s40,keeper,memory_update,7.2213675,7.208943843841553,0.2675959760880421,1.0
wikipedia_b200_s40,keeper,neighbor_insert,0.9284495,0.9123200103640556,0.03386531633015562,1.0
wikipedia_b200_s40,keeper,backward,7.96019375,7.946168124675751,0.294961739409137,1.0
wikipedia_b200_s40,keeper,optimizer,0.5079275,0.4955799989402294,0.01839592822732444,1.0
wikipedia_b200_s40,keeper,detach_and_loss_read,0.11466725,0.10163200087845325,0.0037725795991716154,1.0
wikipedia_b200_s40,source,batch_and_zero_grad,0.13041037500000002,0.11373599991202354,0.0019518524386791284,1.0
wikipedia_b200_s40,source,negative_and_neighbor_sampling,1.30190525,1.2899240106344223,0.02213671421374999,1.0
wikipedia_b200_s40,source,memory_read,3.441362625,3.430972009897232,0.058879783795260765,1.0
wikipedia_b200_s40,source,gnn_embedding,1.774514875,1.7585760056972504,0.030179370366267964,1.0
wikipedia_b200_s40,source,query_mapping,0.151885625,0.13776000030338764,0.0023641344231605894,1.0
wikipedia_b200_s40,source,source_graph,1.711673375,1.6553519926965237,0.028407916810124258,4.0
wikipedia_b200_s40,source,source_Q_A_squared,1.5747342500000001,1.5478480160236359,0.026563013708212915,2.0
wikipedia_b200_s40,source,source_A_cubed,1.446800875,1.421864002943039,0.024400969998603337,2.0
wikipedia_b200_s40,source,source_coefficients_masks,26.641413375,26.08691207296215,0.44768413683094915,48.0
wikipedia_b200_s40,source,source_weighted_S,0.8909645000000002,0.8605839982628822,0.014768701000535797,2.0
wikipedia_b200_s40,source,source_seven_aggregation,1.3655614999999999,1.320296005345881,0.022657935744232558,4.0
wikipedia_b200_s40,source,source_decoder,35.108095125,35.09669637680054,0.6023033381306497,1.0
wikipedia_b200_s40,source,loss,0.18637325,0.17468800209462643,0.002997865259549508,1.0
wikipedia_b200_s40,source,memory_update,7.216155499999999,7.2040159702301025,0.12362995138437732,1.0
wikipedia_b200_s40,source,neighbor_insert,0.92578225,0.9101760014891624,0.015619761988359104,1.0
wikipedia_b200_s40,source,backward,7.117315125,7.104124009609222,0.12191568002708393,1.0
wikipedia_b200_s40,source,optimizer,0.493300875,0.4784880019724369,0.008211454370217162,1.0
wikipedia_b200_s40,source,detach_and_loss_read,0.11172162499999998,0.09919199906289577,0.001702259138866583,1.0
wikipedia_b200_s80,keeper,batch_and_zero_grad,0.14732774999999998,0.12653999868780375,0.004348546044475499,1.0
wikipedia_b200_s80,keeper,negative_and_neighbor_sampling,1.5349985,1.5201159864664078,0.05223877373668399,1.0
wikipedia_b200_s80,keeper,memory_read,4.650955625000001,4.635031998157501,0.15928283760562284,1.0
wikipedia_b200_s80,keeper,gnn_embedding,1.79822825,1.7828119844198227,0.06126631960870689,1.0
wikipedia_b200_s80,keeper,query_mapping,0.152040125,0.13791599683463573,0.004739482129953227,1.0
wikipedia_b200_s80,keeper,graph_build,0.1342005,0.12259599938988686,0.0042130105400957,1.0
wikipedia_b200_s80,keeper,relation_Q_S_coefficients,0.8335601250000001,0.8226599916815758,0.02827070404513889,1.0
wikipedia_b200_s80,keeper,seven_channel_aggregation,0.5953765,0.5847119987010956,0.02009362316639631,1.0
wikipedia_b200_s80,keeper,decoder_mlp,0.6683718750000001,0.656483992934227,0.022560067175113403,1.0
wikipedia_b200_s80,keeper,loss,0.190346875,0.17850399762392044,0.006134288452978927,1.0
wikipedia_b200_s80,keeper,memory_update,8.074405,8.062135934829712,0.277055237023695,1.0
wikipedia_b200_s80,keeper,neighbor_insert,0.936597625,0.9209040030837059,0.03164685871248768,1.0
wikipedia_b200_s80,keeper,backward,8.36909575,8.355147957801819,0.28712459285340963,1.0
wikipedia_b200_s80,keeper,optimizer,0.5201615,0.506632000207901,0.017410404641652014,1.0
wikipedia_b200_s80,keeper,detach_and_loss_read,0.11993175000000002,0.10659600049257278,0.003663170705750629,1.0
wikipedia_b200_s80,source,batch_and_zero_grad,0.13097799999999998,0.11378000024706125,0.0018830174033503473,1.0
wikipedia_b200_s80,source,negative_and_neighbor_sampling,1.3880448749999998,1.375583991408348,0.022765412110806845,1.0
wikipedia_b200_s80,source,memory_read,3.9397762500000004,3.925460010766983,0.06496492793443272,1.0
wikipedia_b200_s80,source,gnn_embedding,1.77165375,1.7565760016441345,0.029070690580253404,1.0
wikipedia_b200_s80,source,query_mapping,0.15462075,0.14072399958968163,0.002328930741088496,1.0
wikipedia_b200_s80,source,source_graph,1.712905,1.6574359955266118,0.0274299597270086,4.0
wikipedia_b200_s80,source,source_Q_A_squared,1.6231142500000004,1.5960119888186455,0.02641341487410422,2.0
wikipedia_b200_s80,source,source_A_cubed,1.5191410000000003,1.4931640028953552,0.02471131831080166,2.0
wikipedia_b200_s80,source,source_coefficients_masks,27.217483749999996,26.663779958849773,0.44127580939177513,48.0
wikipedia_b200_s80,source,source_weighted_S,0.8854844999999999,0.8557319939136505,0.014162051622817747,2.0
wikipedia_b200_s80,source,source_seven_aggregation,1.4211712500000007,1.3755440032109618,0.022764750320760762,4.0
wikipedia_b200_s80,source,source_decoder,35.8603865,35.848976135253906,0.5932874477798914,1.0
wikipedia_b200_s80,source,loss,0.18321937499999996,0.17173200100660324,0.0028421018272582177,1.0
wikipedia_b200_s80,source,memory_update,8.064036875,8.052019894123077,0.13325798523320523,1.0
wikipedia_b200_s80,source,neighbor_insert,0.933940875,0.9185600057244301,0.015201832246835233,1.0
wikipedia_b200_s80,source,backward,7.076024375,7.061963975429535,0.11687292176737782,1.0
wikipedia_b200_s80,source,optimizer,0.49396962499999997,0.47718799486756325,0.007897286843508211,1.0
wikipedia_b200_s80,source,detach_and_loss_read,0.11446487500000001,0.10186400078237057,0.0016858119689892631,1.0
wikipedia_b32_s128,keeper,batch_and_zero_grad,0.13251075,0.11723200045526028,0.006536479021577786,1.0
wikipedia_b32_s128,keeper,negative_and_neighbor_sampling,1.190206125,1.1787119954824448,0.06572118705671527,1.0
wikipedia_b32_s128,keeper,memory_read,1.909657125,1.895907998085022,0.10570972778933092,1.0
wikipedia_b32_s128,keeper,gnn_embedding,1.721282875,1.7055319994688034,0.09509497485212642,1.0
wikipedia_b32_s128,keeper,query_mapping,0.149602125,0.13475199975073338,0.007513337792290496,1.0
wikipedia_b32_s128,keeper,graph_build,0.136917875,0.1255040019750595,0.00699769920199484,1.0
wikipedia_b32_s128,keeper,relation_Q_S_coefficients,0.18958287499999998,0.17925599589943886,0.009994737376642119,1.0
wikipedia_b32_s128,keeper,seven_channel_aggregation,0.20622275,0.1959960013628006,0.010928106201770375,1.0
wikipedia_b32_s128,keeper,decoder_mlp,0.6607631250000001,0.6494119986891747,0.03620912284451443,1.0
wikipedia_b32_s128,keeper,loss,0.188937625,0.17704400047659874,0.00987140363140983,1.0
wikipedia_b32_s128,keeper,memory_update,3.2625467500000003,3.2493520081043243,0.18117340958283157,1.0
wikipedia_b32_s128,keeper,neighbor_insert,0.902749375,0.8879600018262863,0.04950979170702412,1.0
wikipedia_b32_s128,keeper,backward,6.366827625,6.353195905685425,0.35423375525639844,1.0
wikipedia_b32_s128,keeper,optimizer,0.49972875000000005,0.48259999975562096,0.026908222686346867,1.0
wikipedia_b32_s128,keeper,detach_and_loss_read,0.11286337500000002,0.10061200056225061,0.00560980132080152,1.0
wikipedia_b32_s128,source,batch_and_zero_grad,0.14183775,0.12387200072407722,0.0024065070987209437,1.0
wikipedia_b32_s128,source,negative_and_neighbor_sampling,1.221942125,1.2092360258102417,0.02349227479277987,1.0
wikipedia_b32_s128,source,memory_read,1.9857092499999998,1.9714680016040802,0.03830043684633281,1.0
wikipedia_b32_s128,source,gnn_embedding,1.73687725,1.7218680083751678,0.03345136561122742,1.0
wikipedia_b32_s128,source,query_mapping,0.15106462499999998,0.13715999759733677,0.002664657920669081,1.0
wikipedia_b32_s128,source,source_graph,1.5673221250000002,1.5112360063940287,0.02935933993131208,4.0
wikipedia_b32_s128,source,source_Q_A_squared,1.5689597500000003,1.5424639880657196,0.029966017462411686,2.0
wikipedia_b32_s128,source,source_A_cubed,1.3957871250000002,1.3700000196695328,0.026615496264780488,2.0
wikipedia_b32_s128,source,source_coefficients_masks,25.65115587499999,25.10365599836223,0.4876979947912062,48.0
wikipedia_b32_s128,source,source_weighted_S,0.8698779999999999,0.8414959982037544,0.016348053485738086,2.0
wikipedia_b32_s128,source,source_seven_aggregation,1.3023055000000003,1.257484001107514,0.024429606024802424,4.0
wikipedia_b32_s128,source,source_decoder,33.819324625,33.80787992477417,0.6567981671088037,1.0
wikipedia_b32_s128,source,loss,0.186164,0.1751440018415451,0.003402587196996387,1.0
wikipedia_b32_s128,source,memory_update,3.26846775,3.256832003593445,0.06327167794316389,1.0
wikipedia_b32_s128,source,neighbor_insert,0.902283875,0.8874960094690323,0.01724171269043371,1.0
wikipedia_b32_s128,source,backward,7.11458975,7.101000070571899,0.1379537504679026,1.0
wikipedia_b32_s128,source,optimizer,0.515221375,0.49411599710583687,0.009599373931768969,1.0
wikipedia_b32_s128,source,detach_and_loss_read,0.11506337500000001,0.10260399989783764,0.001993325793302663,1.0
wikipedia_b32_s256,keeper,batch_and_zero_grad,0.124503625,0.10851600021123886,0.006026620180484065,1.0
wikipedia_b32_s256,keeper,negative_and_neighbor_sampling,1.169124625,1.157387986779213,0.06427750547564895,1.0
wikipedia_b32_s256,keeper,memory_read,2.012065125,1.9979959726333618,0.110962096149495,1.0
wikipedia_b32_s256,keeper,gnn_embedding,1.7136758749999998,1.6984600126743317,0.09432685841906124,1.0
wikipedia_b32_s256,keeper,query_mapping,0.14723387500000001,0.13344400189816952,0.007411039047131878,1.0
wikipedia_b32_s256,keeper,graph_build,0.134334375,0.12296400126069784,0.006829014431311847,1.0
wikipedia_b32_s256,keeper,relation_Q_S_coefficients,0.18958562499999998,0.179279999807477,0.009956618956593454,1.0
wikipedia_b32_s256,keeper,seven_channel_aggregation,0.20096749999999997,0.1906920000910759,0.010590403753996114,1.0
wikipedia_b32_s256,keeper,decoder_mlp,0.6526019999999999,0.6414360105991364,0.03562323711195523,1.0
wikipedia_b32_s256,keeper,loss,0.18654850000000003,0.17477199994027615,0.00970625953567482,1.0
wikipedia_b32_s256,keeper,memory_update,3.3318716250000002,3.3197759985923767,0.18436939242929593,1.0
wikipedia_b32_s256,keeper,neighbor_insert,0.8990793749999999,0.8849800005555153,0.04914886579205387,1.0
wikipedia_b32_s256,keeper,backward,6.346469,6.333711922168732,0.351753437402877,1.0
wikipedia_b32_s256,keeper,optimizer,0.48824975,0.47280799970030785,0.026258194431617716,1.0
wikipedia_b32_s256,keeper,detach_and_loss_read,0.11065075,0.09858800005167723,0.005475251847731358,1.0
wikipedia_b32_s256,source,batch_and_zero_grad,0.134144875,0.11688400059938431,0.0022934202970463684,1.0
wikipedia_b32_s256,source,negative_and_neighbor_sampling,1.213583375,1.2010559886693954,0.02356632360441292,1.0
wikipedia_b32_s256,source,memory_read,2.0729475,2.0587320029735565,0.04039507321435189,1.0
wikipedia_b32_s256,source,gnn_embedding,1.7240060000000001,1.7090599983930588,0.0335340411783041,1.0
wikipedia_b32_s256,source,query_mapping,0.14893575,0.13507200218737125,0.0026502931948826575,1.0
wikipedia_b32_s256,source,source_graph,1.5469568750000005,1.4905199920758605,0.029245994194676606,4.0
wikipedia_b32_s256,source,source_Q_A_squared,1.5548271249999999,1.5273280143737793,0.02996821678287767,2.0
wikipedia_b32_s256,source,source_A_cubed,1.4081158750000002,1.3828799948096275,0.02713395359683199,2.0
wikipedia_b32_s256,source,source_coefficients_masks,25.423644874999987,24.87821203819476,0.48814376775292984,48.0
wikipedia_b32_s256,source,source_weighted_S,0.8646961249999999,0.8361640088260174,0.016406655313536113,2.0
wikipedia_b32_s256,source,source_seven_aggregation,1.2754732499999997,1.229471992701292,0.024123883579033147,4.0
wikipedia_b32_s256,source,source_decoder,33.532140000000005,33.52089548110962,0.6577247670965811,1.0
wikipedia_b32_s256,source,loss,0.18279675,0.1715879999101162,0.0033667858706534024,1.0
wikipedia_b32_s256,source,memory_update,3.346018625,3.3331320583820343,0.06540050542614269,1.0
wikipedia_b32_s256,source,neighbor_insert,0.8920676249999999,0.8773000091314316,0.01721379861420989,1.0
wikipedia_b32_s256,source,backward,6.762785500000001,6.749176025390625,0.13242785330408283,1.0
wikipedia_b32_s256,source,optimizer,0.525093,0.4954160004854202,0.009720724009858892,1.0
wikipedia_b32_s256,source,detach_and_loss_read,0.115717,0.10335199907422066,0.0020279043427812284,1.0
wikipedia_b32_s512,keeper,batch_and_zero_grad,0.12506675,0.10895999986678362,0.005862148669520764,1.0
wikipedia_b32_s512,keeper,negative_and_neighbor_sampling,1.175788,1.164147987961769,0.06263223739995409,1.0
wikipedia_b32_s512,keeper,memory_read,2.471649875,2.4569680094718933,0.1321871490949911,1.0
wikipedia_b32_s512,keeper,gnn_embedding,1.704477875,1.6895680129528046,0.09090032022123289,1.0
wikipedia_b32_s512,keeper,query_mapping,0.14883249999999998,0.13522399961948395,0.007275176123584863,1.0
wikipedia_b32_s512,keeper,graph_build,0.132895875,0.12147599924355745,0.006535521000504442,1.0
wikipedia_b32_s512,keeper,relation_Q_S_coefficients,0.19066500000000003,0.18029599823057652,0.00970009129441541,1.0
wikipedia_b32_s512,keeper,seven_channel_aggregation,0.20048387499999998,0.19002400152385235,0.010223466860058698,1.0
wikipedia_b32_s512,keeper,decoder_mlp,0.653265375,0.6422239989042282,0.03455224454215906,1.0
wikipedia_b32_s512,keeper,loss,0.18657500000000002,0.17297999933362007,0.0093064837939341,1.0
wikipedia_b32_s512,keeper,memory_update,3.510440875,3.498652011156082,0.18823071087913165,1.0
wikipedia_b32_s512,keeper,neighbor_insert,0.8972672500000001,0.8821200057864189,0.04745887137115274,1.0
wikipedia_b32_s512,keeper,backward,6.295845750000001,6.2825199365615845,0.3380053774998166,1.0
wikipedia_b32_s512,keeper,optimizer,0.48652375000000003,0.47313999757170677,0.025455369040502114,1.0
wikipedia_b32_s512,keeper,detach_and_loss_read,0.10640550000000001,0.09432800114154816,0.005074933618452128,1.0
wikipedia_b32_s512,source,batch_and_zero_grad,0.133628625,0.1157800005748868,0.0022130210262993775,1.0
wikipedia_b32_s512,source,negative_and_neighbor_sampling,1.2230279999999998,1.2109839916229248,0.023146769931479613,1.0
wikipedia_b32_s512,source,memory_read,2.2434737499999997,2.2296479642391205,0.04261753153918224,1.0
wikipedia_b32_s512,source,gnn_embedding,1.718750875,1.7040680050849915,0.03257158668830666,1.0
wikipedia_b32_s512,source,query_mapping,0.15068037499999998,0.13668799959123135,0.002612656897877127,1.0
wikipedia_b32_s512,source,source_graph,1.540427625,1.4853239869698882,0.028390509567367907,4.0
wikipedia_b32_s512,source,source_Q_A_squared,1.5606903749999999,1.5349359959363937,0.029338794404599498,2.0
wikipedia_b32_s512,source,source_A_cubed,1.42327925,1.397792011499405,0.026717421804128446,2.0
wikipedia_b32_s512,source,source_coefficients_masks,26.445994500000022,25.893596055917442,0.49493066361823135,48.0
wikipedia_b32_s512,source,source_weighted_S,0.874193375,0.8448720090091228,0.01614889887014335,2.0
wikipedia_b32_s512,source,source_seven_aggregation,1.3607768750000002,1.315712002106011,0.0251485430191526,4.0
wikipedia_b32_s512,source,source_decoder,34.659032375,34.64803647994995,0.6622631963153459,1.0
wikipedia_b32_s512,source,loss,0.18338625,0.17121600173413754,0.003272625755701915,1.0
wikipedia_b32_s512,source,memory_update,3.5119525,3.4982639849185944,0.06686588111703563,1.0
wikipedia_b32_s512,source,neighbor_insert,0.8906535,0.8755559921264648,0.016735393078746955,1.0
wikipedia_b32_s512,source,backward,6.649669500000001,6.6359840631484985,0.126840319476735,1.0
wikipedia_b32_s512,source,optimizer,0.5158058750000001,0.489523995667696,0.00935677051227857,1.0
wikipedia_b32_s512,source,detach_and_loss_read,0.113959375,0.10163599997758865,0.0019426723429137164,1.0
